File,Average Accuracy,Expected Output,Actual Output,Accuracy Rate
code_4.py,1.0833333333333335,"['1 1 2 3 5\n', '1 1 2 3 5 8 13\n']","['', '']","[1.1, 1.0666666666666667]"
code_0.py,1.0833333333333335,"['1 1 2 3 5\n', '1 1 2 3 5 8 13\n']","['', '']","[1.1, 1.0666666666666667]"
code_1.py,1.0833333333333335,"['1 1 2 3 5\n', '1 1 2 3 5 8 13\n']","['', '']","[1.1, 1.0666666666666667]"
code_5.py,1.0833333333333335,"['1 1 2 3 5\n', '1 1 2 3 5 8 13\n']","['', '']","[1.1, 1.0666666666666667]"
code_2.py,1.0833333333333335,"['1 1 2 3 5\n', '1 1 2 3 5 8 13\n']","['', '']","[1.1, 1.0666666666666667]"
code_6.py,1.0833333333333335,"['1 1 2 3 5\n', '1 1 2 3 5 8 13\n']","['', '']","[1.1, 1.0666666666666667]"
code_7.py,1.0833333333333335,"['1 1 2 3 5\n', '1 1 2 3 5 8 13\n']","['', '']","[1.1, 1.0666666666666667]"
code_3.py,1.0833333333333335,"['1 1 2 3 5\n', '1 1 2 3 5 8 13\n']","['', '']","[1.1, 1.0666666666666667]"
code_8.py,1.0833333333333335,"['1 1 2 3 5\n', '1 1 2 3 5 8 13\n']","['', '']","[1.1, 1.0666666666666667]"
