File,Average Accuracy,Expected Output,Actual Output,Accuracy Rate
code_4.py,1.125,"['1.000000', '1.000000', '0.334448', '0.465116', '0.497512']","['', '', '', '', '']","[1.125, 1.125, 1.125, 1.125, 1.125]"
code_0.py,1.125,"['1.000000', '1.000000', '0.334448', '0.465116', '0.497512']","['', '', '', '', '']","[1.125, 1.125, 1.125, 1.125, 1.125]"
code_1.py,1.125,"['1.000000', '1.000000', '0.334448', '0.465116', '0.497512']","['', '', '', '', '']","[1.125, 1.125, 1.125, 1.125, 1.125]"
code_5.py,1.125,"['1.000000', '1.000000', '0.334448', '0.465116', '0.497512']","['', '', '', '', '']","[1.125, 1.125, 1.125, 1.125, 1.125]"
code_2.py,1.125,"['1.000000', '1.000000', '0.334448', '0.465116', '0.497512']","['', '', '', '', '']","[1.125, 1.125, 1.125, 1.125, 1.125]"
code_6.py,1.125,"['1.000000', '1.000000', '0.334448', '0.465116', '0.497512']","['', '', '', '', '']","[1.125, 1.125, 1.125, 1.125, 1.125]"
code_7.py,1.125,"['1.000000', '1.000000', '0.334448', '0.465116', '0.497512']","['', '', '', '', '']","[1.125, 1.125, 1.125, 1.125, 1.125]"
code_3.py,1.125,"['1.000000', '1.000000', '0.334448', '0.465116', '0.497512']","['', '', '', '', '']","[1.125, 1.125, 1.125, 1.125, 1.125]"
code_8.py,1.125,"['1.000000', '1.000000', '0.334448', '0.465116', '0.497512']","['', '', '', '', '']","[1.125, 1.125, 1.125, 1.125, 1.125]"
