File,Average Accuracy,Expected Output,Actual Output,Accuracy Rate
code_4.py,0.4666666666666667,"['15', '-1', '13', '250', '16']","['15', '-1', '13', '250', '16']","[0.5, 0.5, 0.5, 0.3333333333333333, 0.5]"
code_0.py,0.4666666666666667,"['15', '-1', '13', '250', '16']","['15', '-1', '13', '250', '16']","[0.5, 0.5, 0.5, 0.3333333333333333, 0.5]"
code_1.py,0.4666666666666667,"['15', '-1', '13', '250', '16']","['15', '-1', '13', '250', '16']","[0.5, 0.5, 0.5, 0.3333333333333333, 0.5]"
code_5.py,0.4666666666666667,"['15', '-1', '13', '250', '16']","['15', '-1', '13', '250', '16']","[0.5, 0.5, 0.5, 0.3333333333333333, 0.5]"
code_2.py,0.4666666666666667,"['15', '-1', '13', '250', '16']","['15', '-1', '13', '250', '16']","[0.5, 0.5, 0.5, 0.3333333333333333, 0.5]"
code_6.py,0.4666666666666667,"['15', '-1', '13', '250', '16']","['15', '-1', '13', '250', '16']","[0.5, 0.5, 0.5, 0.3333333333333333, 0.5]"
code_7.py,0.4666666666666667,"['15', '-1', '13', '250', '16']","['15', '-1', '13', '250', '16']","[0.5, 0.5, 0.5, 0.3333333333333333, 0.5]"
code_3.py,0.4666666666666667,"['15', '-1', '13', '250', '16']","['15', '-1', '13', '250', '16']","[0.5, 0.5, 0.5, 0.3333333333333333, 0.5]"
code_8.py,0.4666666666666667,"['15', '-1', '13', '250', '16']","['15', '-1', '13', '250', '16']","[0.5, 0.5, 0.5, 0.3333333333333333, 0.5]"
